compound_id	smiles	chem_name	mw
1	COC(=O)C1=C(C)N(c2ccc3c(c2)OCCO3)C(=S)NC1c1ccc(C)cc1C	methyl 1-(2,3-dihydro-1,4-benzodioxin-6-yl)-4-(2,4-dimethylphenyl)-6-methyl-2-sulfanylidene-1,2,3,4-tetrahydropyrimidine-5-carboxylate	424.51
2	CCCOc1ccc(C2NC(=S)N(c3ccc(OC)cc3)C(C)=C2C(=O)OC)cc1OC		
3	CCOC(=O)c1c(NC(=O)C2=C(C)N(c3ccccc3)C(=S)NC2c2c(F)cccc2Cl)sc(C)c1C	ethyl 2-[4-(2-chloro-6-fluorophenyl)-6-methyl-1-phenyl-2-sulfanylidene-1,2,3,4-tetrahydropyrimidine-5-amido]-4,5-dimethylthiophene-3-carboxylate	558.09
4	CC1=C(C(=O)N(C)C)C(c2ccc(F)cc2)NC(=S)N1		
5	CCOC(=O)C1=C(C)N(c2cccc(C(F)(F)F)c2)C(=S)NC1c1ccc(C#N)cc1	ethyl 4-(4-cyanophenyl)-6-methyl-2-sulfanylidene-1-[3-(trifluoromethyl)phenyl]-1,2,3,4-tetrahydropyrimidine-5-carboxylate	445.46
6	CCOC(=O)C1=C(C)NC(=S)NC1c1ccccc1F		
7	COC(=O)C1=C(C)N(c2ccc(C)c(C)c2)C(=S)NC1c1cccc(OC)c1OC		
8	COc1cccc(N2C(=S)NC(c3c(F)cccc3F)C(C(=O)N3CCOCC3)=C2C)c1		
9	CCOC(=O)C1=C(C)N(c2ccc(OC)cc2)C(=S)NC1c1ccc(OCc2cccnc2)cc1	ethyl 1-(4-methoxyphenyl)-6-methyl-4-{4-[(pyridin-3-yl)methoxy]phenyl}-2-sulfanylidene-1,2,3,4-tetrahydropyrimidine-5-carboxylate	489.59
10	CCCOc1ccc(C2NC(=S)NC(C)=C2C(=O)OCC)cc1OC		
11	COc1ccccc1N1C(=S)NC(c2cccc(OCc3ccccn3)c2)C(C(=O)N(C)C)=C1C		
12	COCCN1C(=S)NC(c2cccc(Br)c2)C(C(=O)Nc2cc(C)on2)=C1C	4-(3-bromophenyl)-1-(2-methoxyethyl)-6-methyl-N-(5-methyl-1,2-oxazol-3-yl)-2-sulfanylidene-1,2,3,4-tetrahydropyrimidine-5-carboxamide	465.37
13	COC(=O)C1=C(C)N(c2ccc(OC)cc2)C(=S)NC1c1cccc2cccnc12		
14	COC(=O)C1=C(C)NC(=O)NC1c1ccc(OC(F)F)cc1	methyl 4-[4-(difluoromethoxy)phenyl]-6-methyl-2-oxo-1,2,3,4-tetrahydropyrimidine-5-carboxylate	312.27
15	CCOC(=O)C1=C(C)NC(=S)NC1c1ccc(OC)c(OC)c1	ethyl 4-(3,4-dimethoxyphenyl)-6-methyl-2-sulfanylidene-1,2,3,4-tetrahydropyrimidine-5-carboxylate	336.41
16	CCOC(=O)C1=C(C)NC(=O)NC1c1cc(Cl)ccc1Cl	ethyl 4-(2,5-dichlorophenyl)-6-methyl-2-oxo-1,2,3,4-tetrahydropyrimidine-5-carboxylate	329.18
17	COC(=O)C1=C(C)N(c2ccc3c(c2)OCCO3)C(=S)NC1c1ccccc1C	methyl 1-(2,3-dihydro-1,4-benzodioxin-6-yl)-6-methyl-4-(2-methylphenyl)-2-sulfanylidene-1,2,3,4-tetrahydropyrimidine-5-carboxylate	410.49
18	COC(=O)C1=C(C)N(c2cccc(OC)c2)C(=S)NC1c1ccc(Cl)cc1		
19	COC(=O)C1=C(C)NC(=S)NC1c1cccc(OC(F)F)c1	methyl 4-[3-(difluoromethoxy)phenyl]-6-methyl-2-sulfanylidene-1,2,3,4-tetrahydropyrimidine-5-carboxylate	328.34
20	COC(=O)C1=C(C)N(c2ccc(C)c(F)c2)C(=S)NC1c1c(OC)cc(OC)cc1OC		
21	COC(=O)C1=C(C)N(c2ccc(OC)cc2)C(=S)NC1c1ccc(N(C)C)cc1		
22	CCOC(=O)C1=C(C)N(c2ccc3c(c2)OCO3)C(=O)NC1c1ccc(F)cc1	ethyl 1-(1,3-dioxaindan-5-yl)-4-(4-fluorophenyl)-6-methyl-2-oxo-1,2,3,4-tetrahydropyrimidine-5-carboxylate	398.39
23	CCOC(=O)C1=C(C)N(c2ccc3c(c2)OCO3)C(=O)NC1c1c(F)cccc1F	ethyl 1-(1,3-dioxaindan-5-yl)-4-(2,6-difluorophenyl)-6-methyl-2-oxo-1,2,3,4-tetrahydropyrimidine-5-carboxylate	416.38
24	COC(=O)C1=C(C)N(c2ccc3c(c2)OCCO3)C(=S)NC1c1cc(OC)c(O)c(OC)c1	methyl 1-(2,3-dihydro-1,4-benzodioxin-6-yl)-4-(4-hydroxy-3,5-dimethoxyphenyl)-6-methyl-2-sulfanylidene-1,2,3,4-tetrahydropyrimidine-5-carboxylate	472.51
25	COC(=O)C1=C(C)N(c2ccc3c(c2)OCCO3)C(=S)NC1c1ccc(O)cc1	methyl 1-(2,3-dihydro-1,4-benzodioxin-6-yl)-4-(4-hydroxyphenyl)-6-methyl-2-sulfanylidene-1,2,3,4-tetrahydropyrimidine-5-carboxylate	412.46
26	COC(=O)C1=C(C)N(c2ccc3c(c2)OCCO3)C(=S)NC1c1c(F)cccc1F	methyl 4-(2,6-difluorophenyl)-1-(2,3-dihydro-1,4-benzodioxin-6-yl)-6-methyl-2-sulfanylidene-1,2,3,4-tetrahydropyrimidine-5-carboxylate	432.44
27	COC(=O)C1=C(C)N(c2cccc(C)c2)C(=S)NC1c1ccc(O)cc1	methyl 4-(4-hydroxyphenyl)-6-methyl-1-(3-methylphenyl)-2-sulfanylidene-1,2,3,4-tetrahydropyrimidine-5-carboxylate	368.45
28	COc1ccc(N2C(=S)NC(c3ccc(F)cc3)C(C(=O)N3CCOCC3)=C2C)cc1	4-(4-fluorophenyl)-1-(4-methoxyphenyl)-6-methyl-5-(morpholine-4-carbonyl)-1,2,3,4-tetrahydropyrimidine-2-thione	441.52
29	COC(=O)C1=C(C)N(C)C(=O)NC1c1cc(Br)ccc1F	methyl 4-(5-bromo-2-fluorophenyl)-1,6-dimethyl-2-oxo-1,2,3,4-tetrahydropyrimidine-5-carboxylate	357.18
30	CCOC(=O)C1=C(C)N(c2ccccc2)C(=S)NC1c1ccc(C)cc1	ethyl 6-methyl-4-(4-methylphenyl)-1-phenyl-2-sulfanylidene-1,2,3,4-tetrahydropyrimidine-5-carboxylate	366.48
31	COc1cccc(N2C(=S)NC(c3ccccc3Cl)C(C(=O)Nc3cc(C)on3)=C2C)c1	4-(2-chlorophenyl)-1-(3-methoxyphenyl)-6-methyl-N-(5-methyl-1,2-oxazol-3-yl)-2-sulfanylidene-1,2,3,4-tetrahydropyrimidine-5-carboxamide	468.96
32	CCOC(=O)C1=C(C)N(c2ccc3c(c2)OCCO3)C(=S)NC1c1ccc(O)cc1		
33	CC(=O)Nc1ccc(C2NC(=S)N(c3ccc(F)cc3)C(C)=C2C(=O)Nc2cc(C)on2)cc1		
34	COc1ccc(N2C(=S)NC(c3ccc(F)cc3)C(C(=O)OC(C)C)=C2C)cc1OC		
35	CC1=C(C(=O)N(C)C)C(c2ccc(OCC3CCCO3)cc2)NC(=S)N1c1ccc(C)c(F)c1	1-(3-fluoro-4-methylphenyl)-N,N,6-trimethyl-4-{4-[(oxolan-2-yl)methoxy]phenyl}-2-sulfanylidene-1,2,3,4-tetrahydropyrimidine-5-carboxamide	483.60
36	COC(=O)C1=C(C)NC(=S)NC1c1ccc(NC(C)=O)cc1		
37	COCCN1C(=S)NC(c2cccc(F)c2)C(C(=O)Nc2cc(C)on2)=C1C		
38	CC1=C(C(=O)N2CCOCC2)C(c2ccc(OC(F)F)cc2)NC(=S)N1c1ccccc1		
39	COC(=O)C1=C(C)N(c2ccc3c(c2)OCCO3)C(=S)NC1c1ccccc1	methyl 1-(2,3-dihydro-1,4-benzodioxin-6-yl)-6-methyl-4-phenyl-2-sulfanylidene-1,2,3,4-tetrahydropyrimidine-5-carboxylate	396.46
40	COC(=O)C1=C(C)N(c2cccc(OC)c2)C(=S)NC1c1ccc(C(=O)OC)cc1		
41	CC1=C(C(=O)N(C)C)C(c2ccccc2)NC(=S)N1c1ccc2c(c1)OCCO2		
42	CCOC(=O)C1=C(C)N(c2ccc3c(c2)OCCO3)C(=S)NC1c1ccccc1	ethyl 1-(2,3-dihydro-1,4-benzodioxin-6-yl)-6-methyl-4-phenyl-2-sulfanylidene-1,2,3,4-tetrahydropyrimidine-5-carboxylate	410.49
43	COC(=O)C1=C(C)N(c2ccc(F)cc2)C(=S)NC1c1ccc(C(=O)O)cc1	4-[1-(4-fluorophenyl)-5-(methoxycarbonyl)-6-methyl-2-sulfanylidene-1,2,3,4-tetrahydropyrimidin-4-yl]benzoic acid	400.43
44	COc1cc(OC)c(C2NC(=S)N(c3ccccc3)C(C)=C2C(=O)Nc2cc(C)on2)c(OC)c1		
45	COCCOC(=O)C1=C(C)NC(=S)NC1c1cccc2ccccc12	2-methoxyethyl 6-methyl-4-(naphthalen-1-yl)-2-sulfanylidene-1,2,3,4-tetrahydropyrimidine-5-carboxylate	356.44
46	CNC(=O)C1=C(C)N(c2ccc(Cl)cc2)C(=S)NC1c1c(F)cccc1F		
47	CCN(CC)C(=O)C1=C(C)NC(=S)NC1c1ccc(OC)c(OC)c1		
48	CNC(=O)C1=C(C)N(c2cccc(C(F)(F)F)c2)C(=S)NC1c1ccccc1OC(F)F		
49	COC(=O)C1=C(C)N(c2ccc(OC)cc2)C(=S)NC1c1cc(OC)c(OC)cc1OC	methyl 1-(4-methoxyphenyl)-6-methyl-2-sulfanylidene-4-(2,4,5-trimethoxyphenyl)-1,2,3,4-tetrahydropyrimidine-5-carboxylate	458.53
50	CCOC(=O)C1=C(C)N(c2ccc3c(c2)OCCO3)C(=S)NC1c1ccc(C)cc1		
51	CCOC(=O)C1=C(C)NC(=O)NC1c1ccc(-c2ccccc2Cl)s1	ethyl 4-[5-(2-chlorophenyl)thiophen-2-yl]-6-methyl-2-oxo-1,2,3,4-tetrahydropyrimidine-5-carboxylate	376.86
52	COC(=O)C1=C(C)N(c2cccc(OC)c2)C(=S)NC1c1ccccc1Cl		
53	CCOc1ccccc1C1NC(=S)N(c2ccccc2)C(C)=C1C(=O)N(CC)CC		
54	COc1ccc(C2NC(=S)NC(C)=C2C(=O)N2CCOCC2)cc1C		
55	CCOC(=O)C1=C(C)N(c2ccc(C)c(F)c2)C(=S)NC1c1ccc(OCCC(=O)O)cc1	3-{4-[5-(ethoxycarbonyl)-1-(3-fluoro-4-methylphenyl)-6-methyl-2-sulfanylidene-1,2,3,4-tetrahydropyrimidin-4-yl]phenoxy}propanoic acid	472.53
56	COC(=O)C1=C(C)N(c2cc(C)ccc2C)C(=S)NC1c1cc(OC)c(O)c(OC)c1	methyl 1-(2,5-dimethylphenyl)-4-(4-hydroxy-3,5-dimethoxyphenyl)-6-methyl-2-sulfanylidene-1,2,3,4-tetrahydropyrimidine-5-carboxylate	442.53
57	COC(=O)C1=C(C)N(c2ccccc2OC)C(=S)NC1c1ccc(F)cc1	methyl 4-(4-fluorophenyl)-1-(2-methoxyphenyl)-6-methyl-2-sulfanylidene-1,2,3,4-tetrahydropyrimidine-5-carboxylate	386.44
58	CCOC(=O)C1=C(C)N(c2ccc3c(c2)OCCO3)C(=S)NC1c1ccc(N2CCOCC2)cc1	ethyl 1-(2,3-dihydro-1,4-benzodioxin-6-yl)-6-methyl-4-[4-(morpholin-4-yl)phenyl]-2-sulfanylidene-1,2,3,4-tetrahydropyrimidine-5-carboxylate	495.59
59	COC(=O)C1=C(C)N(c2ccc3c(c2)OCCO3)C(=S)NC1c1cc([N+](=O)[O-])c(F)cc1F	methyl 4-(2,4-difluoro-5-nitrophenyl)-1-(2,3-dihydro-1,4-benzodioxin-6-yl)-6-methyl-2-sulfanylidene-1,2,3,4-tetrahydropyrimidine-5-carboxylate	477.44
60	CCOc1ccccc1C1NC(=S)N(c2ccc(OC)cc2)C(C)=C1C(=O)Nc1cc(C)on1		
61	COC(=O)C1=C(C)N(c2ccccc2)C(=S)NC1c1ccc(OC)c(OC)c1OC	methyl 6-methyl-1-phenyl-2-sulfanylidene-4-(2,3,4-trimethoxyphenyl)-1,2,3,4-tetrahydropyrimidine-5-carboxylate	428.50
62	CC1=C(C(=O)N2CCOCC2)C(c2ccc(C(C)C)cc2)NC(=S)N1		
63	COc1cccc(N2C(=S)NC(c3ccc(F)cc3F)C(C(=O)Nc3cc(C)on3)=C2C)c1		
64	CCOC(=O)C1=C(C)N(CC)C(=O)NC1c1ccc(Cl)c(Cl)c1	ethyl 4-(3,4-dichlorophenyl)-1-ethyl-6-methyl-2-oxo-1,2,3,4-tetrahydropyrimidine-5-carboxylate	357.23
65	CCN(CC)C(=O)C1=C(C)N(c2ccc3c(c2)OCCO3)C(=S)NC1c1ccccc1		
66	COC(=O)c1ccc(C2NC(=S)N(Cc3ccccc3)C(C)=C2C(=O)Nc2sc3c(c2C(=O)OC)CCC3)cc1	methyl 2-{1-benzyl-4-[4-(methoxycarbonyl)phenyl]-6-methyl-2-sulfanylidene-1,2,3,4-tetrahydropyrimidine-5-amido}-4H,5H,6H-cyclopenta[b]thiophene-3-carboxylate	575.70
67	CC1=C(C(=O)Nc2cc(C)on2)C(c2ccc(C(C)(C)C)cc2)NC(=S)N1		
68	CCOC(=O)C1=C(C)N(C)C(=S)NC1c1ccc(Oc2ccc(F)cc2)c([N+](=O)[O-])c1	ethyl 4-[4-(4-fluorophenoxy)-3-nitrophenyl]-1,6-dimethyl-2-sulfanylidene-1,2,3,4-tetrahydropyrimidine-5-carboxylate	445.47
69	CC1=C(C(=O)N2CCOCC2)C(c2ccccc2)NC(=S)N1c1ccc(C)c(F)c1	1-(3-fluoro-4-methylphenyl)-6-methyl-5-(morpholine-4-carbonyl)-4-phenyl-1,2,3,4-tetrahydropyrimidine-2-thione	425.52
70	COC(=O)C1=C(C)N(c2ccc3c(c2)OCCO3)C(=S)NC1c1c(OC)cc(OC)cc1OC		
71	COc1ccccc1NC(=O)C1=C(C)N(C)C(=S)NC1c1ccc(F)cc1		
72	C=CCCC1=C(C(=O)OC)C(c2cnn(C3CC3)c2)NC(=O)N1CC1CC1	methyl 6-(but-3-en-1-yl)-4-(1-cyclopropyl-1H-pyrazol-4-yl)-1-(cyclopropylmethyl)-2-oxo-1,2,3,4-tetrahydropyrimidine-5-carboxylate	370.45
73	C=CCCc1cccc(C2NC(=O)N(C)C(c3ccn(C)n3)=C2C(=O)OC)c1	methyl 4-[3-(but-3-en-1-yl)phenyl]-1-methyl-6-(1-methyl-1H-pyrazol-3-yl)-2-oxo-1,2,3,4-tetrahydropyrimidine-5-carboxylate	380.44
74	C=CCN1C(=O)NC(c2ccc(CC)cc2OC)C2=C1CCCNC2=O	4-(4-ethyl-2-methoxyphenyl)-1-(prop-2-en-1-yl)-1H,2H,3H,4H,5H,6H,7H,8H,9H-pyrimido[5,4-c]azepine-2,5-dione	355.43
75	C=CCN1C(=O)NC(c2ccc(O)c(OC)c2)C(C(=O)OC)=C1c1ccn(C)n1	methyl 4-(4-hydroxy-3-methoxyphenyl)-6-(1-methyl-1H-pyrazol-3-yl)-2-oxo-1-(prop-2-en-1-yl)-1,2,3,4-tetrahydropyrimidine-5-carboxylate	398.41
76	C=CCN1C(=O)NC(c2ccccc2C#N)C(C(=O)OCC)=C1c1cscn1	ethyl 4-(2-cyanophenyl)-2-oxo-1-(prop-2-en-1-yl)-6-(1,3-thiazol-4-yl)-1,2,3,4-tetrahydropyrimidine-5-carboxylate	394.45
77	C=CCN1C(=O)NC(c2ccn(CCC(=O)O)n2)C(C(=O)OCC)=C1CC	3-{3-[5-(ethoxycarbonyl)-6-ethyl-2-oxo-1-(prop-2-en-1-yl)-1,2,3,4-tetrahydropyrimidin-4-yl]-1H-pyrazol-1-yl}propanoic acid	376.41
78	C=CCN1C(=O)NC(c2nc(Br)cn2C)C(C(=O)OC)=C1COC	methyl 4-(4-bromo-1-methyl-1H-imidazol-2-yl)-6-(methoxymethyl)-2-oxo-1-(prop-2-en-1-yl)-1,2,3,4-tetrahydropyrimidine-5-carboxylate	399.24
79	C=CCOC(=O)C1=C(C)N(CCc2cccs2)C(=O)NC1c1cncnc1N	prop-2-en-1-yl 4'-amino-6-methyl-2-oxo-1-[2-(thiophen-2-yl)ethyl]-1,2,3,4-tetrahydro-[4,5'-bipyrimidine]-5-carboxylate	399.47
80	C=CCOC(=O)C1=C(C)N(CCc2cccs2)C(=O)NC1c1cncs1	prop-2-en-1-yl 6-methyl-2-oxo-4-(1,3-thiazol-5-yl)-1-[2-(thiophen-2-yl)ethyl]-1,2,3,4-tetrahydropyrimidine-5-carboxylate	389.49
81	C=CCOC(=O)C1=C(C)N(CCc2cccs2)C(=O)NC1c1nccn1C=C	prop-2-en-1-yl 4-(1-ethenyl-1H-imidazol-2-yl)-6-methyl-2-oxo-1-[2-(thiophen-2-yl)ethyl]-1,2,3,4-tetrahydropyrimidine-5-carboxylate	398.48
82	C=CCOC(=O)C1=C(C)N(Cc2ccc(F)cc2F)C(=O)NC1c1ccon1	prop-2-en-1-yl 1-[(2,4-difluorophenyl)methyl]-6-methyl-4-(1,2-oxazol-3-yl)-2-oxo-1,2,3,4-tetrahydropyrimidine-5-carboxylate	389.35
83	C=CCOC(=O)C1=C(C)N(Cc2ccc(OC)cc2)C(=O)NC1c1nccs1	prop-2-en-1-yl 1-[(4-methoxyphenyl)methyl]-6-methyl-2-oxo-4-(1,3-thiazol-2-yl)-1,2,3,4-tetrahydropyrimidine-5-carboxylate	399.47
84	C=CCOC(=O)C1=C(C)N(Cc2cccs2)C(=O)NC1c1cnc(NC)nc1	prop-2-en-1-yl 6-methyl-2'-(methylamino)-2-oxo-1-[(thiophen-2-yl)methyl]-1,2,3,4-tetrahydro-[4,5'-bipyrimidine]-5-carboxylate	399.47
85	C=CCOC(=O)C1=C(C)N(c2ccc(C)c(F)c2)C(=O)NC1c1ncnn1CC	prop-2-en-1-yl 4-(1-ethyl-1H-1,2,4-triazol-5-yl)-1-(3-fluoro-4-methylphenyl)-6-methyl-2-oxo-1,2,3,4-tetrahydropyrimidine-5-carboxylate	399.42
86	C=CCOc1cccc(C2NC(=O)N(CC)C3=C2C(=O)NCC(C)(C)C3)c1	1-ethyl-8,8-dimethyl-4-[3-(prop-2-en-1-yloxy)phenyl]-1H,2H,3H,4H,5H,6H,7H,8H,9H-pyrimido[5,4-c]azepine-2,5-dione	369.46
87	CC(C)COc1ccccc1C1NC(=O)N(C2CC2)C2=C1C(=O)NCCC2	1-cyclopropyl-4-[2-(2-methylpropoxy)phenyl]-1H,2H,3H,4H,5H,6H,7H,8H,9H-pyrimido[5,4-c]azepine-2,5-dione	369.46
88	CC(C)COc1ccccc1C1NC(=O)N(CCF)C2=C1C(=O)NCC(C)C2	1-(2-fluoroethyl)-8-methyl-4-[2-(2-methylpropoxy)phenyl]-1H,2H,3H,4H,5H,6H,7H,8H,9H-pyrimido[5,4-c]azepine-2,5-dione	389.46
89	CC1(C)CNC(=O)C2=C(C1)N(CC1CC1)C(=O)NC2c1cc(N)ccc1Cl	4-(5-amino-2-chlorophenyl)-1-(cyclopropylmethyl)-8,8-dimethyl-1H,2H,3H,4H,5H,6H,7H,8H,9H-pyrimido[5,4-c]azepine-2,5-dione	388.89
90	CC1=C(C(=O)N(C)C)C(c2c(F)cccc2F)NC(=S)N1c1ccc2c(c1)OCCO2		
91	CC1=C(C(=O)N(C)C)C(c2cc(-c3ccccc3)nn2C)N(C)C(=O)N1C	N,N,1,3,6-pentamethyl-4-(1-methyl-3-phenyl-1H-pyrazol-5-yl)-2-oxo-1,2,3,4-tetrahydropyrimidine-5-carboxamide	367.45
92	CC1=C(C(=O)N(C)C)C(c2cc([N+](=O)[O-])c(F)cc2F)NC(=S)N1c1cc(C)cc(C)c1		
93	CC1=C(C(=O)N(C)C)C(c2cc([N+](=O)[O-])c(F)cc2F)NC(=S)N1c1ccc(F)c(Cl)c1		
94	CC1=C(C(=O)N(C)C)C(c2ccc(-n3ccnc3)cc2C)NC(=O)N1CC(=O)O	2-[5-(dimethylcarbamoyl)-4-[4-(1H-imidazol-1-yl)-2-methylphenyl]-6-methyl-2-oxo-1,2,3,4-tetrahydropyrimidin-1-yl]acetic acid	397.43
95	CC1=C(C(=O)N(C)C)C(c2ccc(Cl)cc2)NC(=S)N1c1ccc2c(c1)OCCO2		
96	CC1=C(C(=O)N(C)C)C(c2ccc(F)cc2)NC(=S)N1c1ccc2c(c1)OCCO2		
97	CC1=C(C(=O)N(C)C)C(c2ccc(OCCC(=O)O)cc2)NC(=S)N1c1cc(C)cc(C)c1		
98	CC1=C(C(=O)N(C)C)C(c2cccc(F)c2)NC(=S)N1		
99	CC1=C(C(=O)N(C)C)C(c2cccc(F)c2)NC(=S)N1c1ccc(C)cc1		
100	CC1=C(C(=O)N(C)C)C(c2ccccc2)NC(=S)N1		
101	CC1=C(C(=O)N(C)C)C(c2ccccc2)NC(=S)N1c1ccccc1		
102	CC1=C(C(=O)N(C)C)C(c2ccccc2F)NC(=S)N1		
103	CC1=C(C(=O)N(C)C)C(c2ccccc2F)NC(=S)N1c1ccc2c(c1)OCCO2		
104	CC1=C(C(=O)N(C)C)C(c2ccccc2OC(F)F)NC(=S)N1c1ccc(C)cc1		
105	CC1=C(C(=O)N2CCOCC2)C(c2c(F)cccc2F)NC(=S)N1c1ccc(F)cc1		
106	CC1=C(C(=O)N2CCOCC2)C(c2c(F)cccc2F)NC(=S)N1c1ccc2c(c1)OCCO2		
107	CC1=C(C(=O)N2CCOCC2)C(c2c(F)cccc2F)NC(=S)N1c1ccccc1		
108	CC1=C(C(=O)N2CCOCC2)C(c2ccc(C)c(C)c2)NC(=S)N1		
109	CC1=C(C(=O)N2CCOCC2)C(c2ccc(F)cc2)NC(=S)N1c1ccc(Cl)cc1		
110	CC1=C(C(=O)N2CCOCC2)C(c2ccc(F)cc2)NC(=S)N1c1ccccc1		
111	CC1=C(C(=O)N2CCOCC2)C(c2cccc(C)c2)NC(=S)N1		
112	CC1=C(C(=O)N2CCOCC2)C(c2ccccc2)NC(=S)N1		
113	CC1=C(C(=O)N2CCOCC2)C(c2ccccc2OC(F)F)NC(=S)N1c1ccc(C)c(F)c1		
114	CC1=C(C(=O)Nc2cc(C)on2)C(c2ccc(F)c(F)c2)NC(=S)N1c1ccc(C)cc1		
115	CC1=C(C(=O)Nc2cc(C)on2)C(c2ccc(F)cc2)NC(=S)N1C		
116	CC1=C(C(=O)Nc2cc(C)on2)C(c2cccc(F)c2)NC(=S)N1C		
117	CC1=C(C(=O)Nc2cc(C)on2)C(c2ccccc2)NC(=S)N1C		
118	CC1=C(C(=O)Nc2cc(C)on2)C(c2ccccc2)NC(=S)N1c1ccccc1		
119	CC1=C(C(=O)Nc2cc(C)on2)C(c2ccccc2C)NC(=S)N1c1ccc(F)cc1		
120	CC1=C(C(=O)Nc2cc(C)on2)C(c2ccccc2Cl)NC(=S)N1c1ccccc1		
121	CC1=C(C(=O)Nc2ccccc2C)C(c2cccc(C(F)(F)F)c2)NC(=S)N1c1ccccc1		
122	CC1=C(C(=O)OC(C)C)C(c2cc3n(n2)CCC3)NC(=O)N1Cc1ccccc1	propan-2-yl 1-benzyl-6-methyl-2-oxo-4-{4H,5H,6H-pyrrolo[1,2-b]pyrazol-2-yl}-1,2,3,4-tetrahydropyrimidine-5-carboxylate	394.47
123	CC1=C(C(=O)OC(C)C)C(c2ccon2)NC(=O)N1Cc1ccc(F)cc1F	propan-2-yl 1-[(2,4-difluorophenyl)methyl]-6-methyl-4-(1,2-oxazol-3-yl)-2-oxo-1,2,3,4-tetrahydropyrimidine-5-carboxylate	391.37
124	CC1=C(C(=O)OC(C)C)C(c2ncco2)NC(=O)N1Cc1ccc(C(=O)O)cc1	4-{[6-methyl-4-(1,3-oxazol-2-yl)-2-oxo-5-[(propan-2-yloxy)carbonyl]-1,2,3,4-tetrahydropyrimidin-1-yl]methyl}benzoic acid	399.40
125	CC1=C(C(=O)OC(C)C)C(c2ncsn2)NC(=O)N1c1ccc(C)c(F)c1	propan-2-yl 1-(3-fluoro-4-methylphenyl)-6-methyl-2-oxo-4-(1,2,4-thiadiazol-3-yl)-1,2,3,4-tetrahydropyrimidine-5-carboxylate	390.43
126	CC1=C(C(=O)OC(C)C)C(c2ncsn2)NC(=O)N1c1ccc(Cl)cc1	propan-2-yl 1-(4-chlorophenyl)-6-methyl-2-oxo-4-(1,2,4-thiadiazol-3-yl)-1,2,3,4-tetrahydropyrimidine-5-carboxylate	392.86
127	CC1CC2=C(C(=O)N1)C(c1cncc(C(=O)O)c1)NC(=O)N2Cc1cccs1	5-{7-methyl-2,5-dioxo-1-[(thiophen-2-yl)methyl]-1H,2H,3H,4H,5H,6H,7H,8H-pyrido[4,3-d]pyrimidin-4-yl}pyridine-3-carboxylic acid	398.44
128	CC1CNC(=O)C2=C(C1)N(C)C(=O)N(C)C2c1cnc2n1CCCCC2	4-{5H,6H,7H,8H,9H-imidazo[1,2-a]azepin-3-yl}-1,3,8-trimethyl-1H,2H,3H,4H,5H,6H,7H,8H,9H-pyrimido[5,4-c]azepine-2,5-dione	357.45
129	CC1CNC(=O)C2=C(C1)N(C1CC1)C(=O)NC2c1cc(Cl)cc(C(=O)O)c1	3-chloro-5-{1-cyclopropyl-8-methyl-2,5-dioxo-1H,2H,3H,4H,5H,6H,7H,8H,9H-pyrimido[5,4-c]azepin-4-yl}benzoic acid	389.83
130	CC1CNC(=O)C2=C(C1)N(CC(=O)O)C(=O)NC2c1cc(-c2ccccc2)on1	2-[8-methyl-2,5-dioxo-4-(5-phenyl-1,2-oxazol-3-yl)-1H,2H,3H,4H,5H,6H,7H,8H,9H-pyrimido[5,4-c]azepin-1-yl]acetic acid	396.40
131	CCC(CC)N1C(=S)NC(c2ccc[nH]c2=O)C2=C1CN(C(C)(C)C)C2=O	3-[6-tert-butyl-5-oxo-1-(pentan-3-yl)-2-sulfanylidene-1H,2H,3H,4H,5H,6H,7H-pyrrolo[3,4-d]pyrimidin-4-yl]-1,2-dihydropyridin-2-one	388.53
132	CCC1=C(C(=O)OC)C(c2c(Cl)cnn2C)NC(=O)N1Cc1cccs1	methyl 4-(4-chloro-1-methyl-1H-pyrazol-5-yl)-6-ethyl-2-oxo-1-[(thiophen-2-yl)methyl]-1,2,3,4-tetrahydropyrimidine-5-carboxylate	394.88
133	CCC1=C(C(=O)OC)C(c2ccn3ncnc3c2)NC(=O)N1Cc1cccs1	methyl 6-ethyl-2-oxo-1-[(thiophen-2-yl)methyl]-4-{[1,2,4]triazolo[1,5-a]pyridin-7-yl}-1,2,3,4-tetrahydropyrimidine-5-carboxylate	397.45
134	CCC1=C(C(=O)OC)C(c2n[nH]cc2C)NC(=O)N1Cc1ccc(OC)cc1	methyl 6-ethyl-1-[(4-methoxyphenyl)methyl]-4-(4-methyl-1H-pyrazol-3-yl)-2-oxo-1,2,3,4-tetrahydropyrimidine-5-carboxylate	384.43
135	CCC1=C(C(=O)OC)C(c2nc(C)n(C)n2)NC(=O)N1c1ccc(Cl)cc1	methyl 1-(4-chlorophenyl)-4-(1,5-dimethyl-1H-1,2,4-triazol-3-yl)-6-ethyl-2-oxo-1,2,3,4-tetrahydropyrimidine-5-carboxylate	389.84
136	CCC1=C(C(=O)OC)C(c2ncn(CC)n2)NC(=O)N1Cc1ccc(OC)cc1	methyl 6-ethyl-4-(1-ethyl-1H-1,2,4-triazol-3-yl)-1-[(4-methoxyphenyl)methyl]-2-oxo-1,2,3,4-tetrahydropyrimidine-5-carboxylate	399.44
137	CCC1=C(C(=O)OC)C(c2nn(C)cc2C)NC(=O)N1CCc1cccs1	methyl 4-(1,4-dimethyl-1H-pyrazol-3-yl)-6-ethyl-2-oxo-1-[2-(thiophen-2-yl)ethyl]-1,2,3,4-tetrahydropyrimidine-5-carboxylate	388.49
138	CCCC1=C(C(=O)OC)C(c2cnc3c(c2)COC3)NC(=O)N1CC(=O)O	2-(4-{5H,7H-furo[3,4-b]pyridin-3-yl}-5-(methoxycarbonyl)-2-oxo-6-propyl-1,2,3,4-tetrahydropyrimidin-1-yl)acetic acid	375.38
139	CCCC1=C(C(=O)OC)C(c2nncn2CC)NC(=O)N1Cc1cccs1	methyl 4-(4-ethyl-4H-1,2,4-triazol-3-yl)-2-oxo-6-propyl-1-[(thiophen-2-yl)methyl]-1,2,3,4-tetrahydropyrimidine-5-carboxylate	389.47
140	CCCCN1C(=S)NC(c2ccccc2)C(C(=O)Nc2cc(C)on2)=C1C		
141	CCCCOc1ccc(C2NC(=S)NC(C)=C2C(=O)OCC)cc1OC		
142	CCCCOc1ccc(C2NC(=S)NC(C)=C2C(=O)OCC)cc1OCC		
143	CCCN1C(=O)NC(c2cc(C(=O)OC)on2)C(C(=O)OC)=C1COC	methyl 4-[5-(methoxycarbonyl)-1,2-oxazol-3-yl]-6-(methoxymethyl)-2-oxo-1-propyl-1,2,3,4-tetrahydropyrimidine-5-carboxylate	367.35
144	CCCN1C(=O)NC(c2ccc(OC(F)F)cc2)C(C(=O)OC)=C1C		
145	CCCN1C(=O)NC(c2nc(Br)ccc2C)C(C(=O)N(C)C)=C1C	4-(6-bromo-3-methylpyridin-2-yl)-N,N,6-trimethyl-2-oxo-1-propyl-1,2,3,4-tetrahydropyrimidine-5-carboxamide	395.29
146	CCCN1C(=O)NC(c2nccnc2C)C(C(=O)OC)=C1CC(C)C	methyl 6-(2-methylpropyl)-4-(3-methylpyrazin-2-yl)-2-oxo-1-propyl-1,2,3,4-tetrahydropyrimidine-5-carboxylate	346.42
147	CCCN1C(=S)NC(c2c(Br)cnn2C(C)C)C2=C1CNC2=O	4-[4-bromo-1-(propan-2-yl)-1H-pyrazol-5-yl]-1-propyl-2-sulfanylidene-1H,2H,3H,4H,5H,6H,7H-pyrrolo[3,4-d]pyrimidin-5-one	398.32
148	CCCN1C(=S)NC(c2cccc(F)c2)C(C(=O)Nc2cc(C)on2)=C1C		
149	CCCOc1cc(C2NC(=S)N(c3ccc(OC)cc3)C(C)=C2C(=O)OC)ccc1OC		
150	CCCOc1ccc(C2NC(=S)N(c3ccccc3OC)C(C)=C2C(=O)OC)cc1OC		
151	CCN(CC)C(=O)C1=C(C)N(CC(=O)O)C(=O)NC1c1cnc(Cl)c(C)c1	2-[4-(6-chloro-5-methylpyridin-3-yl)-5-(diethylcarbamoyl)-6-methyl-2-oxo-1,2,3,4-tetrahydropyrimidin-1-yl]acetic acid	394.85
152	CCN(CC)C(=O)C1=C(C)N(CCF)C(=O)NC1c1occc1C(=O)O	2-[5-(diethylcarbamoyl)-1-(2-fluoroethyl)-6-methyl-2-oxo-1,2,3,4-tetrahydropyrimidin-4-yl]furan-3-carboxylic acid	367.37
153	CCN(CC)C(=O)C1=C(C)N(c2ccccc2)C(=S)NC1c1cccc(OC)c1		
154	CCN(CC)C(=O)C1=C(C)N(c2ccccc2)C(=S)NC1c1cccc(OC)c1OC		
155	CCN(CC)C(=O)C1=C(C)NC(=S)NC1c1cc(OC)c(OC)cc1OC		
156	CCN(CC)C(=O)C1=C(C)NC(=S)NC1c1cccc(OC)c1		
157	CCN(CC)C(=O)C1=C(C)NC(=S)NC1c1cccc(OC)c1OC		
158	CCN1C(=O)NC(c2cc(C(=O)OC)ccc2F)C2=C1CC(C)(C)CNC2=O	methyl 3-{1-ethyl-8,8-dimethyl-2,5-dioxo-1H,2H,3H,4H,5H,6H,7H,8H,9H-pyrimido[5,4-c]azepin-4-yl}-4-fluorobenzoate	389.42
159	CCN1C(=O)NC(c2cc(Cl)cc(C(=O)O)c2)C2=C1CCN(OC)C2=O	3-chloro-5-{1-ethyl-6-methoxy-2,5-dioxo-1H,2H,3H,4H,5H,6H,7H,8H-pyrido[4,3-d]pyrimidin-4-yl}benzoic acid	379.80
160	CCN1C(=O)NC(c2ccc(C(F)(F)F)cc2C)C2=C1CC(C)CNC2=O	1-ethyl-8-methyl-4-[2-methyl-4-(trifluoromethyl)phenyl]-1H,2H,3H,4H,5H,6H,7H,8H,9H-pyrimido[5,4-c]azepine-2,5-dione	381.39
161	CCN1C(=O)NC(c2ccc(C(F)(F)F)cc2C)C2=C1CCCNC2=O	1-ethyl-4-[2-methyl-4-(trifluoromethyl)phenyl]-1H,2H,3H,4H,5H,6H,7H,8H,9H-pyrimido[5,4-c]azepine-2,5-dione	367.37
162	CCN1C(=O)NC(c2ccc(Cl)c(Cl)c2)C(C(=O)OC)=C1C		
163	CCN1C(=O)NC(c2ccc(OC(F)F)cc2)C(C(=O)OC)=C1C		
164	CCN1C(=O)NC(c2cnn(CC3CCC3)c2)C2=C1CN(C(C)(C)C)C2=O	6-tert-butyl-4-[1-(cyclobutylmethyl)-1H-pyrazol-4-yl]-1-ethyl-1H,2H,3H,4H,5H,6H,7H-pyrrolo[3,4-d]pyrimidine-2,5-dione	371.48
165	CCN1C(=S)NC(c2cccc3nonc23)C2=C1CCN(C1CC1)C2=O	4-(2,1,3-benzoxadiazol-4-yl)-6-cyclopropyl-1-ethyl-2-sulfanylidene-1H,2H,3H,4H,5H,6H,7H,8H-pyrido[4,3-d]pyrimidin-5-one	369.44
166	CCN1CCC2=C(C1=O)C(c1c(Cl)c(C)nn1CC)NC(=S)N2CC	4-(4-chloro-1-ethyl-3-methyl-1H-pyrazol-5-yl)-1,6-diethyl-2-sulfanylidene-1H,2H,3H,4H,5H,6H,7H,8H-pyrido[4,3-d]pyrimidin-5-one	381.92
167	CCN1CCC2=C(C1=O)C(c1ccccc1-c1ccnn1C)NC(=O)N2C1CC1	1-cyclopropyl-6-ethyl-4-[2-(1-methyl-1H-pyrazol-5-yl)phenyl]-1H,2H,3H,4H,5H,6H,7H,8H-pyrido[4,3-d]pyrimidine-2,5-dione	391.47
168	CCN1CCC2=C(C1=O)C(c1n[nH]c3c(C#N)cccc13)NC(=O)N2CCOC	3-[6-ethyl-1-(2-methoxyethyl)-2,5-dioxo-1H,2H,3H,4H,5H,6H,7H,8H-pyrido[4,3-d]pyrimidin-4-yl]-1H-indazole-7-carbonitrile	394.43
169	CCN1CCC2=C(C1=O)C(c1nn(CC)nc1C)NC(=O)N2Cc1ccccc1	1-benzyl-6-ethyl-4-(2-ethyl-5-methyl-2H-1,2,3-triazol-4-yl)-1H,2H,3H,4H,5H,6H,7H,8H-pyrido[4,3-d]pyrimidine-2,5-dione	394.47
170	CCOC(=O)C1=C(C(C)F)N(CC)C(=O)NC1c1cnn(C2CC2)c1	ethyl 4-(1-cyclopropyl-1H-pyrazol-4-yl)-1-ethyl-6-(1-fluoroethyl)-2-oxo-1,2,3,4-tetrahydropyrimidine-5-carboxylate	350.39
171	CCOC(=O)C1=C(C(C)OC)N(CC)C(=O)NC1c1nn[nH]c1C	ethyl 1-ethyl-6-(1-methoxyethyl)-4-(5-methyl-1H-1,2,3-triazol-4-yl)-2-oxo-1,2,3,4-tetrahydropyrimidine-5-carboxylate	337.38
172	CCOC(=O)C1=C(C(F)F)N(C)C(=O)N(C)C1c1n[nH]c2cc(C#N)ccc12	ethyl 4-(6-cyano-1H-indazol-3-yl)-6-(difluoromethyl)-1,3-dimethyl-2-oxo-1,2,3,4-tetrahydropyrimidine-5-carboxylate	389.36
173	CCOC(=O)C1=C(C(F)F)N(CCc2cccs2)C(=O)NC1c1cnc[nH]1	ethyl 6-(difluoromethyl)-4-(1H-imidazol-5-yl)-2-oxo-1-[2-(thiophen-2-yl)ethyl]-1,2,3,4-tetrahydropyrimidine-5-carboxylate	396.41
174	CCOC(=O)C1=C(C)N(C)C(=O)NC1c1c[nH]c2cncc(Br)c12	ethyl 4-{4-bromo-1H-pyrrolo[2,3-c]pyridin-3-yl}-1,6-dimethyl-2-oxo-1,2,3,4-tetrahydropyrimidine-5-carboxylate	393.24
175	CCOC(=O)C1=C(C)N(C)C(=O)NC1c1cccc(Cl)c1Cl		
176	CCOC(=O)C1=C(C)N(CC(=O)O)C(=O)NC1c1cnc(C)n1-c1ccccc1	2-[5-(ethoxycarbonyl)-6-methyl-4-(2-methyl-1-phenyl-1H-imidazol-5-yl)-2-oxo-1,2,3,4-tetrahydropyrimidin-1-yl]acetic acid	398.41
177	CCOC(=O)C1=C(C)N(CC(C)C)C(=O)NC1c1ccn(C2CC2)n1	ethyl 4-(1-cyclopropyl-1H-pyrazol-3-yl)-6-methyl-1-(2-methylpropyl)-2-oxo-1,2,3,4-tetrahydropyrimidine-5-carboxylate	346.42
178	CCOC(=O)C1=C(C)N(CC(C)C)C(=O)NC1c1cnc(C(=O)OCC)s1	ethyl 4-[2-(ethoxycarbonyl)-1,3-thiazol-5-yl]-6-methyl-1-(2-methylpropyl)-2-oxo-1,2,3,4-tetrahydropyrimidine-5-carboxylate	395.48
179	CCOC(=O)C1=C(C)N(CC)C(=O)NC1c1cccc(Cl)c1Cl		
180	CCOC(=O)C1=C(C)N(CC2CCCO2)C(=O)NC1c1cc2n(n1)CCCC2	ethyl 6-methyl-2-oxo-1-[(oxolan-2-yl)methyl]-4-{4H,5H,6H,7H-pyrazolo[1,5-a]pyridin-2-yl}-1,2,3,4-tetrahydropyrimidine-5-carboxylate	388.46
181	CCOC(=O)C1=C(C)N(CC2CCCO2)C(=O)NC1c1cc[nH]c1C(=O)OC	ethyl 4-[2-(methoxycarbonyl)-1H-pyrrol-3-yl]-6-methyl-2-oxo-1-[(oxolan-2-yl)methyl]-1,2,3,4-tetrahydropyrimidine-5-carboxylate	391.42
182	CCOC(=O)C1=C(C)N(CC2CCCO2)C(=O)NC1c1cccc2c1CCNC2	ethyl 6-methyl-2-oxo-1-[(oxolan-2-yl)methyl]-4-(1,2,3,4-tetrahydroisoquinolin-5-yl)-1,2,3,4-tetrahydropyrimidine-5-carboxylate	399.48
183	CCOC(=O)C1=C(C)N(CC2CCCO2)C(=O)NC1c1cn2ccnc2s1	ethyl 4-{imidazo[2,1-b][1,3]thiazol-2-yl}-6-methyl-2-oxo-1-[(oxolan-2-yl)methyl]-1,2,3,4-tetrahydropyrimidine-5-carboxylate	390.46
184	CCOC(=O)C1=C(C)N(Cc2ccc(OC)cc2)C(=O)NC1c1nccn1CC	ethyl 4-(1-ethyl-1H-imidazol-2-yl)-1-[(4-methoxyphenyl)methyl]-6-methyl-2-oxo-1,2,3,4-tetrahydropyrimidine-5-carboxylate	398.46
185	CCOC(=O)C1=C(C)N(Cc2ccccc2)C(=O)NC1c1cn(C)nc1C(=O)O	4-[1-benzyl-5-(ethoxycarbonyl)-6-methyl-2-oxo-1,2,3,4-tetrahydropyrimidin-4-yl]-1-methyl-1H-pyrazole-3-carboxylic acid	398.41
186	CCOC(=O)C1=C(C)N(Cc2cccs2)C(=O)NC1c1c(C)cnn1CC	ethyl 4-(1-ethyl-4-methyl-1H-pyrazol-5-yl)-6-methyl-2-oxo-1-[(thiophen-2-yl)methyl]-1,2,3,4-tetrahydropyrimidine-5-carboxylate	388.49
187	CCOC(=O)C1=C(C)N(Cc2cccs2)C(=O)NC1c1c[nH]nc1C(=O)O	4-[5-(ethoxycarbonyl)-6-methyl-2-oxo-1-[(thiophen-2-yl)methyl]-1,2,3,4-tetrahydropyrimidin-4-yl]-1H-pyrazole-3-carboxylic acid	390.42
188	CCOC(=O)C1=C(C)N(c2ccc(C#N)cc2)C(=O)NC1c1cn(C2CC2)cn1	ethyl 1-(4-cyanophenyl)-4-(1-cyclopropyl-1H-imidazol-4-yl)-6-methyl-2-oxo-1,2,3,4-tetrahydropyrimidine-5-carboxylate	391.42
189	CCOC(=O)C1=C(C)N(c2ccc(C)cc2)C(=O)NC1c1cn(CC2CC2)nn1	ethyl 4-[1-(cyclopropylmethyl)-1H-1,2,3-triazol-4-yl]-6-methyl-1-(4-methylphenyl)-2-oxo-1,2,3,4-tetrahydropyrimidine-5-carboxylate	395.46
190	CCOC(=O)C1=C(C)N(c2ccc(F)cc2)C(=S)NC1c1ccc(OCCC(=O)O)cc1		
191	CCOC(=O)C1=C(C)N(c2ccc3c(c2)OCCO3)C(=S)NC1c1c(F)cccc1F		
192	CCOC(=O)C1=C(C)N(c2ccc3c(c2)OCCO3)C(=S)NC1c1cc(OC)c(O)c(OC)c1		
193	CCOC(=O)C1=C(C)N(c2ccc3c(c2)OCCO3)C(=S)NC1c1ccc(OC)cc1OC		
194	CCOC(=O)C1=C(C)N(c2ccc3c(c2)OCCO3)C(=S)NC1c1cccc(C)c1		
195	CCOC(=O)C1=C(C)N(c2ccc3c(c2)OCCO3)C(=S)NC1c1cccc(F)c1		
196	CCOC(=O)C1=C(C)N(c2ccc3c(c2)OCCO3)C(=S)NC1c1cccc(OC)c1		
197	CCOC(=O)C1=C(C)N(c2ccc3c(c2)OCCO3)C(=S)NC1c1ccccc1C		
198	CCOC(=O)C1=C(C)N(c2ccc3c(c2)OCO3)C(=O)NC1c1cccc(F)c1		
199	CCOC(=O)C1=C(C)N(c2ccc3c(c2)OCO3)C(=O)NC1c1ccccc1		
200	CCOC(=O)C1=C(C)N(c2ccc3c(c2)OCO3)C(=O)NC1c1ccccc1F		
201	CCOC(=O)C1=C(C)N(c2ccccc2)C(=S)NC1c1ccc(OC)cc1		
202	CCOC(=O)C1=C(C)N(c2ccccc2)C(=S)NC1c1ccc(OCc2cccnc2)cc1		
203	CCOC(=O)C1=C(C)NC(=O)NC1c1ccc(Cl)c(Cl)c1		
204	CCOC(=O)C1=C(C)NC(=O)NC1c1cccc(Cl)c1Cl		
205	CCOC(=O)C1=C(C)NC(=S)NC1c1c(F)cccc1F		
206	CCOC(=O)C1=C(C)NC(=S)NC1c1cccc(F)c1		
207	CCOC(=O)C1=C(C)NC(=S)NC1c1cccc(OC)c1		
208	CCOC(=O)C1=C(C)NC(=S)NC1c1cccc(OC)c1OC		
209	CCOC(=O)C1=C(C2CCOCC2)NC(=O)NC1c1nc(OC)ccc1OC	ethyl 4-(3,6-dimethoxypyridin-2-yl)-6-(oxan-4-yl)-2-oxo-1,2,3,4-tetrahydropyrimidine-5-carboxylate	391.42
210	CCOC(=O)C1=C(CC(C)C)N(CC)C(=O)NC1c1nnc2n1CCCCC2	ethyl 1-ethyl-6-(2-methylpropyl)-2-oxo-4-{5H,6H,7H,8H,9H-[1,2,4]triazolo[4,3-a]azepin-3-yl}-1,2,3,4-tetrahydropyrimidine-5-carboxylate	389.49
211	CCOC(=O)C1=C(CC)N(C[C@H]2CCCO2)C(=S)NC1c1ccc(F)cn1	ethyl 6-ethyl-4-(5-fluoropyridin-2-yl)-1-{[(2R)-oxolan-2-yl]methyl}-2-sulfanylidene-1,2,3,4-tetrahydropyrimidine-5-carboxylate	393.48
212	CCOC(=O)C1=C(CC)N(Cc2ccc(C(=O)O)cc2)C(=O)NC1c1ncc[nH]1	4-{[5-(ethoxycarbonyl)-6-ethyl-4-(1H-imidazol-2-yl)-2-oxo-1,2,3,4-tetrahydropyrimidin-1-yl]methyl}benzoic acid	398.41
213	CCOC(=O)C1=C(CC)N(Cc2ccccc2OC)C(=O)NC1c1ncoc1C	ethyl 6-ethyl-1-[(2-methoxyphenyl)methyl]-4-(5-methyl-1,3-oxazol-4-yl)-2-oxo-1,2,3,4-tetrahydropyrimidine-5-carboxylate	399.44
214	CCOC(=O)C1=C(CC2CC2)N(CCF)C(=O)NC1c1cn(C)nn1	ethyl 6-(cyclopropylmethyl)-1-(2-fluoroethyl)-4-(1-methyl-1H-1,2,3-triazol-4-yl)-2-oxo-1,2,3,4-tetrahydropyrimidine-5-carboxylate	351.38
215	CCOC(=O)C1=C(CC2CC2)N(CCOC)C(=O)NC1c1c[nH]nc1C(F)F	ethyl 6-(cyclopropylmethyl)-4-[3-(difluoromethyl)-1H-pyrazol-4-yl]-1-(2-methoxyethyl)-2-oxo-1,2,3,4-tetrahydropyrimidine-5-carboxylate	398.41
216	CCOC(=O)C1=C(CCl)N(CCF)C(=O)NC1c1cnc2c(C)cccn12	ethyl 6-(chloromethyl)-1-(2-fluoroethyl)-4-{8-methylimidazo[1,2-a]pyridin-3-yl}-2-oxo-1,2,3,4-tetrahydropyrimidine-5-carboxylate	394.83
217	CCOC(=O)C1=C(COC)N(CC2CC2)C(=S)NC1c1nn(CC)nc1C	ethyl 1-(cyclopropylmethyl)-4-(2-ethyl-5-methyl-2H-1,2,3-triazol-4-yl)-6-(methoxymethyl)-2-sulfanylidene-1,2,3,4-tetrahydropyrimidine-5-carboxylate	393.51
218	CCOC(=O)C1=C(COC)N(Cc2ccccc2)C(=O)NC1c1ncc(C)n1C	ethyl 1-benzyl-4-(1,5-dimethyl-1H-imidazol-2-yl)-6-(methoxymethyl)-2-oxo-1,2,3,4-tetrahydropyrimidine-5-carboxylate	398.46
219	CCOC(=O)C1=C(c2ccncc2)N(CC)C(=O)NC1c1coc(Cl)n1	ethyl 4-(2-chloro-1,3-oxazol-4-yl)-1-ethyl-2-oxo-6-(pyridin-4-yl)-1,2,3,4-tetrahydropyrimidine-5-carboxylate	376.79
220	CCOC(=O)C1=C(c2cncc(F)c2)NC(=S)NC1c1c[nH]c(C)n1	ethyl 6-(5-fluoropyridin-3-yl)-4-(2-methyl-1H-imidazol-4-yl)-2-sulfanylidene-1,2,3,4-tetrahydropyrimidine-5-carboxylate	361.40
221	CCOC(=O)C1=C(c2cnco2)N(C)C(=O)NC1c1ccc(CC)cc1OC	ethyl 4-(4-ethyl-2-methoxyphenyl)-1-methyl-6-(1,3-oxazol-5-yl)-2-oxo-1,2,3,4-tetrahydropyrimidine-5-carboxylate	385.41
222	CCOC(=O)C1=C(c2cscn2)N(CC(C)C)C(=O)NC1c1cc(C)on1	ethyl 4-(5-methyl-1,2-oxazol-3-yl)-1-(2-methylpropyl)-2-oxo-6-(1,3-thiazol-4-yl)-1,2,3,4-tetrahydropyrimidine-5-carboxylate	390.46
223	CCOC(=O)C1=C(c2cscn2)NC(=O)NC1c1ccc(-c2cn[nH]c2)cc1	ethyl 2-oxo-4-[4-(1H-pyrazol-4-yl)phenyl]-6-(1,3-thiazol-4-yl)-1,2,3,4-tetrahydropyrimidine-5-carboxylate	395.44
224	CCOC(=O)C1=C(c2cscn2)NC(=O)NC1c1cccc2c1CNCC2	ethyl 2-oxo-4-(1,2,3,4-tetrahydroisoquinolin-8-yl)-6-(1,3-thiazol-4-yl)-1,2,3,4-tetrahydropyrimidine-5-carboxylate	384.45
225	CCOC(=O)c1c(NC(=O)C2=C(C)N(c3ccccc3)C(=S)NC2c2cccc(F)c2)sc(C)c1C		
226	CCOC(=O)c1c(NC(=O)C2=C(C)N(c3ccccc3)C(=S)NC2c2ccccc2Cl)sc(C)c1C		
227	CCOC(=O)c1c(NC(=O)C2=C(C)NC(=S)NC2c2ccc(F)cc2F)sc(C)c1C		
228	CCOCCCN1C(=S)NC(c2ccc(F)nc2)C(C(=O)OC)=C1COC	methyl 1-(3-ethoxypropyl)-4-(6-fluoropyridin-3-yl)-6-(methoxymethyl)-2-sulfanylidene-1,2,3,4-tetrahydropyrimidine-5-carboxylate	397.47
229	CCOCCCN1C(=S)NC(c2cccc(Br)c2)C(C(=O)Nc2cc(C)on2)=C1C		
230	CCOCCN1C(=O)NC(c2c(Cl)ncn2CC)C(C(=O)OC)=C1C(C)C	methyl 4-(4-chloro-1-ethyl-1H-imidazol-5-yl)-1-(2-ethoxyethyl)-2-oxo-6-(propan-2-yl)-1,2,3,4-tetrahydropyrimidine-5-carboxylate	398.88
231	CCOCCN1C(=O)NC(c2c[nH]c3cccc(F)c23)C(C(=O)OC)=C1CF	methyl 1-(2-ethoxyethyl)-4-(4-fluoro-1H-indol-3-yl)-6-(fluoromethyl)-2-oxo-1,2,3,4-tetrahydropyrimidine-5-carboxylate	393.39
232	CCOCCN1C(=O)NC(c2cnc(C(=O)OCC)s2)C(C(=O)OC)=C1C	methyl 4-[2-(ethoxycarbonyl)-1,3-thiazol-5-yl]-1-(2-ethoxyethyl)-6-methyl-2-oxo-1,2,3,4-tetrahydropyrimidine-5-carboxylate	397.45
233	CCOc1cc(C2C(C(=O)OC)=C(C3CCCO3)N(C)C(=O)N2C)sn1	methyl 4-(3-ethoxy-1,2-thiazol-5-yl)-1,3-dimethyl-2-oxo-6-(oxolan-2-yl)-1,2,3,4-tetrahydropyrimidine-5-carboxylate	381.45
234	CCOc1cc(C2NC(=S)N(c3ccc4c(c3)OCCO4)C(C)=C2C(=O)OC)ccc1O		
235	CCOc1cccc(C2NC(=S)N(c3ccccc3)C(C)=C2C(=O)Nc2cc(C)on2)c1OC		
236	CCOc1ccccc1C1NC(=S)N(c2ccccc2)C(C)=C1C(=O)Nc1cc(C)on1		
237	CCc1ccc(C2NC(=O)N(Cc3cccs3)C3=C2C(=O)N(OC)CC3)o1	4-(5-ethylfuran-2-yl)-6-methoxy-1-[(thiophen-2-yl)methyl]-1H,2H,3H,4H,5H,6H,7H,8H-pyrido[4,3-d]pyrimidine-2,5-dione	387.45
238	CCn1cnnc1C1NC(=O)N(CC2CCCO2)C(C)=C1C(=O)OC(C)(C)C	tert-butyl 4-(4-ethyl-4H-1,2,4-triazol-3-yl)-6-methyl-2-oxo-1-[(oxolan-2-yl)methyl]-1,2,3,4-tetrahydropyrimidine-5-carboxylate	391.47
239	CCn1nc(C)cc1C1NC(=O)N(CC(=O)O)C(C)=C1C(=O)OC(C)C	2-[4-(1-ethyl-3-methyl-1H-pyrazol-5-yl)-6-methyl-2-oxo-5-[(propan-2-yloxy)carbonyl]-1,2,3,4-tetrahydropyrimidin-1-yl]acetic acid	364.40
240	CN(C)CCOc1ccc(C2NC(=O)N(C3CC3)C3=C2C(=O)NCCC3)cc1	1-cyclopropyl-4-{4-[2-(dimethylamino)ethoxy]phenyl}-1H,2H,3H,4H,5H,6H,7H,8H,9H-pyrimido[5,4-c]azepine-2,5-dione	384.47
241	CN1C(=O)NC(c2snnc2C2CC2)C2=C1CCN(C1CC1)C2=O	6-cyclopropyl-4-(4-cyclopropyl-1,2,3-thiadiazol-5-yl)-1-methyl-1H,2H,3H,4H,5H,6H,7H,8H-pyrido[4,3-d]pyrimidine-2,5-dione	345.42
242	COC(=O)C1=C(C(C)C)N(C)C(=O)N(C)C1c1c(Br)nn(C)c1C	methyl 4-(3-bromo-1,5-dimethyl-1H-pyrazol-4-yl)-1,3-dimethyl-2-oxo-6-(propan-2-yl)-1,2,3,4-tetrahydropyrimidine-5-carboxylate	399.28
243	COC(=O)C1=C(C(C)C)NC(=O)NC1c1c[nH]c2cncc(Br)c12	methyl 4-{4-bromo-1H-pyrrolo[2,3-c]pyridin-3-yl}-2-oxo-6-(propan-2-yl)-1,2,3,4-tetrahydropyrimidine-5-carboxylate	393.24
244	COC(=O)C1=C(C(C)C)NC(=O)NC1c1ccc2c(c1C)CCNC2	methyl 4-(5-methyl-1,2,3,4-tetrahydroisoquinolin-6-yl)-2-oxo-6-(propan-2-yl)-1,2,3,4-tetrahydropyrimidine-5-carboxylate	343.42
245	COC(=O)C1=C(C)N(C)C(=O)N(C)C1c1cc(Br)ccc1F		
246	COC(=O)C1=C(C)N(C)C(=O)NC1c1ccc(-c2ccccc2Cl)s1		
247	COC(=O)C1=C(C)N(C)C(=O)NC1c1cccc(Br)c1		
248	COC(=O)C1=C(C)N(C)C(=S)NC1c1ccc(Oc2ccc(F)cc2)c([N+](=O)[O-])c1		
249	COC(=O)C1=C(C)N(C2CC2)C(=O)NC1c1cnc2n1CCCCC2	methyl 1-cyclopropyl-4-{5H,6H,7H,8H,9H-imidazo[1,2-a]azepin-3-yl}-6-methyl-2-oxo-1,2,3,4-tetrahydropyrimidine-5-carboxylate	344.41
250	COC(=O)C1=C(C)N(CC(=O)O)C(=O)NC1c1cc(C2CC2)nn1C(C)(C)C	2-[4-(1-tert-butyl-3-cyclopropyl-1H-pyrazol-5-yl)-5-(methoxycarbonyl)-6-methyl-2-oxo-1,2,3,4-tetrahydropyrimidin-1-yl]acetic acid	390.43
251	COC(=O)C1=C(C)N(CC2CC2)C(=O)NC1c1cn2c(C(=O)OC)cccc2n1	methyl 1-(cyclopropylmethyl)-4-[5-(methoxycarbonyl)imidazo[1,2-a]pyridin-2-yl]-6-methyl-2-oxo-1,2,3,4-tetrahydropyrimidine-5-carboxylate	398.41
252	COC(=O)C1=C(C)N(CC2CC2)C(=O)NC1c1cnn2ccnc(C(=O)OC)c12	methyl 1-(cyclopropylmethyl)-4-[4-(methoxycarbonyl)pyrazolo[1,5-a]pyrazin-3-yl]-6-methyl-2-oxo-1,2,3,4-tetrahydropyrimidine-5-carboxylate	399.40
253	COC(=O)C1=C(C)N(CCF)C(=O)NC1c1ccc(C(F)(F)F)nc1Cl	methyl 4-[2-chloro-6-(trifluoromethyl)pyridin-3-yl]-1-(2-fluoroethyl)-6-methyl-2-oxo-1,2,3,4-tetrahydropyrimidine-5-carboxylate	395.74
254	COC(=O)C1=C(C)N(Cc2ccccc2)C(=O)NC1c1cccc2nnn(C)c12	methyl 1-benzyl-6-methyl-4-(1-methyl-1H-1,2,3-benzotriazol-7-yl)-2-oxo-1,2,3,4-tetrahydropyrimidine-5-carboxylate	391.42
255	COC(=O)C1=C(C)N(c2cc(C)cc(C)c2)C(=S)NC1c1cc(OC)c(OC)cc1OC		
256	COC(=O)C1=C(C)N(c2cc(C)cc(C)c2)C(=S)NC1c1ccc(O)c(OC)c1		
257	COC(=O)C1=C(C)N(c2cc(C)ccc2C)C(=S)NC1c1ccc(O)c(OC)c1		
258	COC(=O)C1=C(C)N(c2ccc(C)c(C)c2)C(=S)NC1c1cc(OC)c(O)c(OC)c1		
259	COC(=O)C1=C(C)N(c2ccc(C)c(C)c2)C(=S)NC1c1cc(OC)c(OC)c(OC)c1		
260	COC(=O)C1=C(C)N(c2ccc(C)c(C)c2)C(=S)NC1c1cc([N+](=O)[O-])c(F)cc1F		
261	COC(=O)C1=C(C)N(c2ccc(C)c(C)c2)C(=S)NC1c1ccc(C#N)cc1		
262	COC(=O)C1=C(C)N(c2ccc(C)c(F)c2)C(=S)NC1c1cc(OC)c(O)c(OC)c1		
263	COC(=O)C1=C(C)N(c2ccc(C)c(F)c2)C(=S)NC1c1cc(OC)c(OC)cc1OC		
264	COC(=O)C1=C(C)N(c2ccc(C)c(F)c2)C(=S)NC1c1ccc(C(=O)OC)cc1		
265	COC(=O)C1=C(C)N(c2ccc(C)c(F)c2)C(=S)NC1c1ccc(OC)c(OC)c1OC		
266	COC(=O)C1=C(C)N(c2ccc(C)c(F)c2)C(=S)NC1c1ccc(OC)cc1		
267	COC(=O)C1=C(C)N(c2ccc(C)c(F)c2)C(=S)NC1c1ccc(OC)cc1OC		
268	COC(=O)C1=C(C)N(c2ccc(C)cc2)C(=S)NC1c1cc(OC)c(OC)c(OC)c1		
269	COC(=O)C1=C(C)N(c2ccc(C)cc2)C(=S)NC1c1ccc(O)c(OC)c1		
270	COC(=O)C1=C(C)N(c2ccc(C)cc2)C(=S)NC1c1ccccc1		
271	COC(=O)C1=C(C)N(c2ccc(Cl)cc2)C(=S)NC1c1ccc(C(=O)O)cc1		
272	COC(=O)C1=C(C)N(c2ccc(Cl)cc2)C(=S)NC1c1ccc(OC)cc1		
273	COC(=O)C1=C(C)N(c2ccc(F)cc2)C(=S)NC1c1cc(OC)c(O)c(OC)c1		
274	COC(=O)C1=C(C)N(c2ccc(F)cc2)C(=S)NC1c1ccc(O)cc1		
275	COC(=O)C1=C(C)N(c2ccc(OC)cc2)C(=S)NC1c1ccc(C#N)cc1		
276	COC(=O)C1=C(C)N(c2ccc(OC)cc2)C(=S)NC1c1cccc(F)c1		
277	COC(=O)C1=C(C)N(c2ccc3c(c2)OCCO3)C(=S)NC1c1cc(C)ccc1C		
278	COC(=O)C1=C(C)N(c2ccc3c(c2)OCCO3)C(=S)NC1c1ccc(C)cc1		
279	COC(=O)C1=C(C)N(c2ccc3c(c2)OCCO3)C(=S)NC1c1ccc(Cl)cc1		
280	COC(=O)C1=C(C)N(c2ccc3c(c2)OCCO3)C(=S)NC1c1ccc(F)cc1F		
281	COC(=O)C1=C(C)N(c2ccc3c(c2)OCCO3)C(=S)NC1c1ccc(OC)c(OC)c1		
282	COC(=O)C1=C(C)N(c2ccc3c(c2)OCCO3)C(=S)NC1c1ccc(OC)cc1OC		
283	COC(=O)C1=C(C)N(c2ccc3c(c2)OCCO3)C(=S)NC1c1cccc(C)c1		
284	COC(=O)C1=C(C)N(c2ccc3c(c2)OCCO3)C(=S)NC1c1cccc(F)c1		
285	COC(=O)C1=C(C)N(c2ccc3c(c2)OCCO3)C(=S)NC1c1cccc(OC)c1		
286	COC(=O)C1=C(C)N(c2ccc3c(c2)OCCO3)C(=S)NC1c1ccccc1F		
287	COC(=O)C1=C(C)N(c2ccc3c(c2)OCO3)C(=O)NC1c1c(F)cccc1F		
288	COC(=O)C1=C(C)N(c2cccc(C(F)(F)F)c2)C(=S)NC1c1ccc(F)cc1		
289	COC(=O)C1=C(C)N(c2cccc(C)c2)C(=S)NC1c1ccc(C(=O)O)cc1		
290	COC(=O)C1=C(C)N(c2cccc(C)c2)C(=S)NC1c1cccc(OC)c1OC		
291	COC(=O)C1=C(C)N(c2ccccc2)C(=S)NC1c1c(F)cccc1Cl		
292	COC(=O)C1=C(C)N(c2ccccc2)C(=S)NC1c1c(F)cccc1F		
293	COC(=O)C1=C(C)N(c2ccccc2)C(=S)NC1c1ccc(C(=O)O)cc1		
294	COC(=O)C1=C(C)N(c2ccccc2OC)C(=S)NC1c1ccccc1C		
295	COC(=O)C1=C(C)NC(=O)NC1c1cc(Br)ccc1F		
296	COC(=O)C1=C(C)NC(=O)NC1c1ccc(-c2ccccc2Cl)s1		
297	COC(=O)C1=C(C)NC(=O)NC1c1ccc(OC)c(OC(F)F)c1		
298	COC(=O)C1=C(C)NC(=S)NC1c1ccc(C(=O)OCc2ccccc2)[nH]1	methyl 4-{5-[(benzyloxy)carbonyl]-1H-pyrrol-2-yl}-6-methyl-2-sulfanylidene-1,2,3,4-tetrahydropyrimidine-5-carboxylate	385.44
299	COC(=O)C1=C(C)NC(=S)NC1c1ccc(C)cc1		
300	COC(=O)C1=C(C)NC(=S)NC1c1ccc(Oc2ccc(C(C)(C)C)cc2)c([N+](=O)[O-])c1		
301	COC(=O)C1=C(C)NC(=S)NC1c1ccc(Oc2ccc(F)cc2)c([N+](=O)[O-])c1		
302	COC(=O)C1=C(C)NC(=S)NC1c1ccc2cc(OC)ccc2c1		
303	COC(=O)C1=C(C)NC(=S)NC1c1ccc2ccccc2c1		
304	COC(=O)C1=C(C)NC(=S)NC1c1cccc(C)c1		
305	COC(=O)C1=C(C)NC(=S)NC1c1cccc(F)c1		
306	COC(=O)C1=C(C)NC(=S)NC1c1cccc(OC)c1		
307	COC(=O)C1=C(C)NC(=S)NC1c1cccc(OC2CCCC2)c1		
308	COC(=O)C1=C(C2(C)CC2)N(Cc2ccc(OC)cc2)C(=O)NC1c1nnc[nH]1	methyl 1-[(4-methoxyphenyl)methyl]-6-(1-methylcyclopropyl)-2-oxo-4-(4H-1,2,4-triazol-3-yl)-1,2,3,4-tetrahydropyrimidine-5-carboxylate	397.43
309	COC(=O)C1=C(C2CC(F)(F)C2)N(C)C(=O)N(C)C1c1ccc(Cl)cn1	methyl 4-(5-chloropyridin-2-yl)-6-(3,3-difluorocyclobutyl)-1,3-dimethyl-2-oxo-1,2,3,4-tetrahydropyrimidine-5-carboxylate	385.79
310	COC(=O)C1=C(C2CCC2)N(c2ccc(C)cc2)C(=S)NC1c1nnn(C)n1	methyl 6-cyclobutyl-4-(2-methyl-2H-1,2,3,4-tetrazol-5-yl)-1-(4-methylphenyl)-2-sulfanylidene-1,2,3,4-tetrahydropyrimidine-5-carboxylate	398.48
311	COC(=O)C1=C(C2CCCC2)N(Cc2cccs2)C(=O)NC1c1ccon1	methyl 6-cyclopentyl-4-(1,2-oxazol-3-yl)-2-oxo-1-[(thiophen-2-yl)methyl]-1,2,3,4-tetrahydropyrimidine-5-carboxylate	387.45
312	COC(=O)C1=C(CC(C)C)N(CC(=O)O)C(=O)NC1c1cn(CC(=O)O)cn1	2-{4-[1-(carboxymethyl)-5-(methoxycarbonyl)-6-(2-methylpropyl)-2-oxo-1,2,3,4-tetrahydropyrimidin-4-yl]-1H-imidazol-1-yl}acetic acid	394.38
313	COC(=O)C1=C(CF)N(C)C(=O)NC1c1cnc(Cl)c(C)c1	methyl 4-(6-chloro-5-methylpyridin-3-yl)-6-(fluoromethyl)-1-methyl-2-oxo-1,2,3,4-tetrahydropyrimidine-5-carboxylate	327.74
314	COC(=O)C1=C(CF)N(C2CC2)C(=S)NC1c1ccc(-n2ccnn2)cc1	methyl 1-cyclopropyl-6-(fluoromethyl)-2-sulfanylidene-4-[4-(1H-1,2,3-triazol-1-yl)phenyl]-1,2,3,4-tetrahydropyrimidine-5-carboxylate	387.43
315	COC(=O)C1=C(CF)N(CC2CC2)C(=O)NC1c1cn2cc(C)ccc2n1	methyl 1-(cyclopropylmethyl)-6-(fluoromethyl)-4-{6-methylimidazo[1,2-a]pyridin-2-yl}-2-oxo-1,2,3,4-tetrahydropyrimidine-5-carboxylate	372.39
316	COC(=O)C1=C(CF)N(CCc2cccs2)C(=O)NC1c1ccncc1C	methyl 6-(fluoromethyl)-4-(3-methylpyridin-4-yl)-2-oxo-1-[2-(thiophen-2-yl)ethyl]-1,2,3,4-tetrahydropyrimidine-5-carboxylate	389.45
317	COC(=O)C1=C(CF)N(CCc2cccs2)C(=O)NC1c1cocn1	methyl 6-(fluoromethyl)-4-(1,3-oxazol-4-yl)-2-oxo-1-[2-(thiophen-2-yl)ethyl]-1,2,3,4-tetrahydropyrimidine-5-carboxylate	365.38
318	COC(=O)C1=C(CF)N(Cc2ccccc2)C(=O)NC1c1ccc(N(C)C)cn1	methyl 1-benzyl-4-[5-(dimethylamino)pyridin-2-yl]-6-(fluoromethyl)-2-oxo-1,2,3,4-tetrahydropyrimidine-5-carboxylate	398.43
319	COC(=O)C1=C(CF)N(Cc2ccccc2)C(=O)NC1c1n[nH]c2ncccc12	methyl 1-benzyl-6-(fluoromethyl)-2-oxo-4-{1H-pyrazolo[3,4-b]pyridin-3-yl}-1,2,3,4-tetrahydropyrimidine-5-carboxylate	395.39
320	COC(=O)C1=C(CF)N(Cc2ccco2)C(=S)NC1c1c(C)noc1C	methyl 4-(3,5-dimethyl-1,2-oxazol-4-yl)-6-(fluoromethyl)-1-[(furan-2-yl)methyl]-2-sulfanylidene-1,2,3,4-tetrahydropyrimidine-5-carboxylate	379.41
321	COC(=O)C1=C(c2ccn(C)n2)NC(=O)NC1c1ccc(OCCN(C)C)cc1	methyl 4-{4-[2-(dimethylamino)ethoxy]phenyl}-6-(1-methyl-1H-pyrazol-3-yl)-2-oxo-1,2,3,4-tetrahydropyrimidine-5-carboxylate	399.44
322	COC(=O)C1=C(c2cnn(C)c2)N(C)C(=O)NC1c1ccc(C(=O)OC)c(C)c1	methyl 4-[4-(methoxycarbonyl)-3-methylphenyl]-1-methyl-6-(1-methyl-1H-pyrazol-4-yl)-2-oxo-1,2,3,4-tetrahydropyrimidine-5-carboxylate	398.41
323	COC(=O)C1=C(c2cnn(C)c2)N(CC2CC2)C(=O)NC1c1cc(C)ccc1F	methyl 1-(cyclopropylmethyl)-4-(2-fluoro-5-methylphenyl)-6-(1-methyl-1H-pyrazol-4-yl)-2-oxo-1,2,3,4-tetrahydropyrimidine-5-carboxylate	398.43
324	COC(=O)C1=C(c2cnn(C)c2)NC(=O)NC1c1ccc(C(C)C)cc1F	methyl 4-[2-fluoro-4-(propan-2-yl)phenyl]-6-(1-methyl-1H-pyrazol-4-yl)-2-oxo-1,2,3,4-tetrahydropyrimidine-5-carboxylate	372.39
325	COC(=O)c1c(NC(=O)C2=C(C)NC(=S)NC2c2ccc(Cl)cc2)sc2c1CCC2		
326	COC(=O)c1c(NC(=O)C2=C(C)NC(=S)NC2c2ccc([N+](=O)[O-])cc2)sc2c1CCC2		
327	COC(=O)c1cc(OC)ccc1C1C2=C(CC(C)CNC2=O)N(C)C(=O)N1C	methyl 5-methoxy-2-{1,3,8-trimethyl-2,5-dioxo-1H,2H,3H,4H,5H,6H,7H,8H,9H-pyrimido[5,4-c]azepin-4-yl}benzoate	387.43
328	COC(=O)c1cc(OC)ccc1C1NC(=S)NC2=C1C(=O)NC(C)(C)C2	methyl 2-{7,7-dimethyl-5-oxo-2-sulfanylidene-1H,2H,3H,4H,5H,6H,7H,8H-pyrido[4,3-d]pyrimidin-4-yl}-5-methoxybenzoate	375.44
329	COC(=O)c1ccc(C2NC(=S)NC(C)=C2C(=O)Nc2sc3c(c2C(=O)OC)CCC3)cc1		
330	COCCN1C(=O)NC(c2cccc3ncnn23)C(C(=O)OC(C)(C)C)=C1C	tert-butyl 1-(2-methoxyethyl)-6-methyl-2-oxo-4-{[1,2,4]triazolo[1,5-a]pyridin-5-yl}-1,2,3,4-tetrahydropyrimidine-5-carboxylate	387.43
331	COCCN1C(=S)NC(c2cncc(C(C)C)c2)C(C(=O)OC)=C1CF	methyl 6-(fluoromethyl)-1-(2-methoxyethyl)-4-[5-(propan-2-yl)pyridin-3-yl]-2-sulfanylidene-1,2,3,4-tetrahydropyrimidine-5-carboxylate	381.47
332	COCCOC(=O)C1=C(C)N(c2ccc3c(c2)OCO3)C(=O)NC1c1c(F)cccc1F		
333	COCCOC(=O)C1=C(C)N(c2cccc(C)c2)C(=S)NC1c1ccc(OCCC(=O)O)cc1		
334	COCCOC(=O)C1=C(C)N(c2ccccc2)C(=S)NC1c1ccccc1C		
335	COCCOC(=O)C1=C(C)NC(=O)NC1c1ccc(-c2ccccc2)s1		
336	COCCOC(=O)C1=C(C)NC(=S)NC1c1ccc(NC(C)=O)cc1		
337	COCCOC(=O)C1=C(C)NC(=S)NC1c1ccc(OC)c(OC)c1		
338	CON1CCC2=C(C1=O)C(c1cn[nH]c1)NC(=S)N2c1ccc(F)cc1F	1-(2,4-difluorophenyl)-6-methoxy-4-(1H-pyrazol-4-yl)-2-sulfanylidene-1H,2H,3H,4H,5H,6H,7H,8H-pyrido[4,3-d]pyrimidin-5-one	391.40
339	CON1CCC2=C(C1=O)C(c1cncn1C(C)C)NC(=O)N2Cc1ccccc1	1-benzyl-6-methoxy-4-[1-(propan-2-yl)-1H-imidazol-5-yl]-1H,2H,3H,4H,5H,6H,7H,8H-pyrido[4,3-d]pyrimidine-2,5-dione	395.46
340	COc1cc(C2C3=C(CC(C)(C)NC3=O)N(C)C(=O)N2C)c(OC)c2c1CCC2	4-(4,7-dimethoxy-2,3-dihydro-1H-inden-5-yl)-1,3,7,7-tetramethyl-1H,2H,3H,4H,5H,6H,7H,8H-pyrido[4,3-d]pyrimidine-2,5-dione	399.48
341	COc1cc(OC)c(C2NC(=S)N(c3ccccc3)C(C)=C2C(=O)Nc2cc(C)on2)cc1OC		
342	COc1ccc(C2C3=C(CC(C)CNC3=O)N(C)C(=O)N2C)c(C(F)(F)F)c1	4-[4-methoxy-2-(trifluoromethyl)phenyl]-1,3,8-trimethyl-1H,2H,3H,4H,5H,6H,7H,8H,9H-pyrimido[5,4-c]azepine-2,5-dione	397.39
343	COc1ccc(C2NC(=S)N(C)C(C)=C2C(=O)Nc2ccccc2C)cc1		
344	COc1ccc(C2NC(=S)N(c3ccc(C)c(F)c3)C(C)=C2C(=O)Nc2cc(C)on2)cc1		
345	COc1ccc(C2NC(=S)N(c3ccc(Cl)cc3)C(C)=C2C(=O)Nc2cc(C)on2)cc1		
346	COc1ccc(C2NC(=S)N(c3cccc(C)c3)C(C)=C2C(=O)Nc2cc(C)on2)c(OC)c1		
347	COc1ccc(C2NC(=S)N(c3ccccc3OC)C(C)=C2C(=O)Nc2cc(C)on2)c(OC)c1		
348	COc1ccc(CN2C(=O)NC(c3cnnn3C)C(C(=O)OC(C)C)=C2C)cc1	propan-2-yl 1-[(4-methoxyphenyl)methyl]-6-methyl-4-(1-methyl-1H-1,2,3-triazol-5-yl)-2-oxo-1,2,3,4-tetrahydropyrimidine-5-carboxylate	399.44
349	COc1ccc(N2C(=S)NC(c3ccc(C)cc3)C(C(=O)OC(C)C)=C2C)cc1OC		
350	COc1ccc(N2C(=S)NC(c3cccc(C)c3)C(C(=O)OC(C)C)=C2C)cc1OC		
351	COc1ccc(N2C(=S)NC(c3cccc(F)c3)C(C(=O)OC(C)C)=C2C)cc1OC		
352	COc1ccc(N2C(=S)NC(c3ccccc3OC)C(C(=O)Nc3cc(C)on3)=C2C)cc1		
353	COc1cccc(C2NC(=O)NC3=C2C(=O)N(OC)CC3)c1Br	4-(2-bromo-3-methoxyphenyl)-6-methoxy-1H,2H,3H,4H,5H,6H,7H,8H-pyrido[4,3-d]pyrimidine-2,5-dione	382.21
354	COc1cccc(C2NC(=S)N(c3ccccc3)C(C)=C2C(=O)Nc2cc(C)on2)c1		
355	COc1ccccc1N1C(=S)NC(c2ccc(OC(F)F)cc2)C(C(=O)N(C)C)=C1C		
356	COc1ccccc1NC(=O)C1=C(C)N(C)C(=S)NC1c1ccc(Cl)cc1		
357	COc1ccccc1NC(=O)C1=C(C)N(C)C(=S)NC1c1cccc(F)c1		
358	C[C@@H]1CC2=C(C(=O)N1)C(c1cncc(C(=O)O)c1)NC(=O)N2Cc1cccs1	5-[(7R)-7-methyl-2,5-dioxo-1-[(thiophen-2-yl)methyl]-1H,2H,3H,4H,5H,6H,7H,8H-pyrido[4,3-d]pyrimidin-4-yl]pyridine-3-carboxylic acid	398.44
359	Cc1cc(C2NC(=S)N(C)C3=C2C(=O)NCCC3)sc1Cl	4-(5-chloro-4-methylthiophen-2-yl)-1-methyl-2-sulfanylidene-1H,2H,3H,4H,5H,6H,7H,8H,9H-pyrimido[5,4-c]azepin-5-one	341.88
360	Cc1cc(C2NC(=S)N(C3CC3)C3=C2C(=O)OC3)cc2ccoc12	1-cyclopropyl-4-(7-methyl-1-benzofuran-5-yl)-2-sulfanylidene-1H,2H,3H,4H,5H,7H-furo[3,4-d]pyrimidin-5-one	340.40
361	Cc1cc(C2NC(=S)N(c3ccc4c(c3)OCO4)C3=C2C(=O)N[C@H](C)C3)no1	(7R)-1-(1,3-dioxaindan-5-yl)-7-methyl-4-(5-methyl-1,2-oxazol-3-yl)-2-sulfanylidene-1H,2H,3H,4H,5H,6H,7H,8H-pyrido[4,3-d]pyrimidin-5-one	398.44
362	Cc1cc(C2NC(=S)NC3=C2C(=O)NC(C)(C)C3)cc(C(F)(F)F)c1	7,7-dimethyl-4-[3-methyl-5-(trifluoromethyl)phenyl]-2-sulfanylidene-1H,2H,3H,4H,5H,6H,7H,8H-pyrido[4,3-d]pyrimidin-5-one	369.41
363	Cc1ccc(N2C(=O)NC(c3csnn3)C3=C2CCN(C2CC2)C3=O)cc1F	6-cyclopropyl-1-(3-fluoro-4-methylphenyl)-4-(1,2,3-thiadiazol-4-yl)-1H,2H,3H,4H,5H,6H,7H,8H-pyrido[4,3-d]pyrimidine-2,5-dione	399.44
364	Cc1cnccc1C1NC(=S)N(c2ccccc2)C2=C1C(=O)N(C1CC1)CC2	6-cyclopropyl-4-(3-methylpyridin-4-yl)-1-phenyl-2-sulfanylidene-1H,2H,3H,4H,5H,6H,7H,8H-pyrido[4,3-d]pyrimidin-5-one	390.50
365	Cc1ncc(C2NC(=O)N(CCc3cccs3)C3=C2C(=O)NC(C)C3)c(N)n1	4-(4-amino-2-methylpyrimidin-5-yl)-7-methyl-1-[2-(thiophen-2-yl)ethyl]-1H,2H,3H,4H,5H,6H,7H,8H-pyrido[4,3-d]pyrimidine-2,5-dione	398.48
366	Cc1sc2ccccc2c1C1NC(=O)N(CCF)C2=C1C(=O)NCCC2	1-(2-fluoroethyl)-4-(2-methyl-1-benzothiophen-3-yl)-1H,2H,3H,4H,5H,6H,7H,8H,9H-pyrimido[5,4-c]azepine-2,5-dione	373.45
367	N#CCCN1C(=S)NC(c2ccccc2C#N)C2=C1CCCNC2=O	2-[1-(2-cyanoethyl)-5-oxo-2-sulfanylidene-1H,2H,3H,4H,5H,6H,7H,8H,9H-pyrimido[5,4-c]azepin-4-yl]benzonitrile	351.43
368	O=C(O)COc1ccccc1C1NC(=O)N(C2CC2)C2=C1C(=O)NCCC2	2-(2-{1-cyclopropyl-2,5-dioxo-1H,2H,3H,4H,5H,6H,7H,8H,9H-pyrimido[5,4-c]azepin-4-yl}phenoxy)acetic acid	371.39
369	O=C1NC2(CCC2)CC2=C1C(c1cnc(F)c(Cl)c1)NC(=S)N2C1CC1	4'-(5-chloro-6-fluoropyridin-3-yl)-1'-cyclopropyl-2'-sulfanylidene-2',3',4',5',6',8'-hexahydro-1'H-spiro[cyclobutane-1,7'-pyrido[4,3-d]pyrimidin]-5'-one	392.88
370	O=C1NCCC2=C1C(c1ccc(Cl)nc1F)NC(=O)N2Cc1cccs1	4-(6-chloro-2-fluoropyridin-3-yl)-1-[(thiophen-2-yl)methyl]-1H,2H,3H,4H,5H,6H,7H,8H-pyrido[4,3-d]pyrimidine-2,5-dione	392.84
371	O=C1NCCCC2=C1C(c1ccc(Cl)c3cccnc13)NC(=O)N2CC1CC1	4-(5-chloroquinolin-8-yl)-1-(cyclopropylmethyl)-1H,2H,3H,4H,5H,6H,7H,8H,9H-pyrimido[5,4-c]azepine-2,5-dione	396.87
372	O=C1NCCCC2=C1C(c1nnc[nH]1)NC(=S)N2c1cccc(F)c1F	1-(2,3-difluorophenyl)-2-sulfanylidene-4-(4H-1,2,4-triazol-3-yl)-1H,2H,3H,4H,5H,6H,7H,8H,9H-pyrimido[5,4-c]azepin-5-one	376.39
